__pyx_f_7sklearn_4tree_9_splitter_12BestSplitter_node_split,__pyx_f_7sklearn_4tree_10_criterion_19RegressionCriterion_update,__pyx_f_7sklearn_4tree_10_criterion_11FriedmanMSE_proxy_impurity_improvement,aquicksort_float,__pyx_f_7sklearn_4tree_9_splitter_introsort,__pyx_f_7sklearn_4tree_10_criterion_3MSE_proxy_impurity_improvement,__pyx_f_7sklearn_4tree_10_criterion_3MAE_children_impurity,_wordcopy_fwd_aligned,__pyx_f_7sklearn_4tree_6_utils_14WeightedPQueue_push,__pyx_f_7sklearn_4tree_6_utils_14WeightedPQueue_remove,signature
55.6799,28.7534,10.3987,,,,,,,,896.0
41.8328,16.0325,35.7747,,,,,,,,896.0
17.6041,8.1941,27.4693,34.3866,,,,,,,960.0
62.1352,24.6507,8.955,,,,,,,,896.0
31.0594,18.407,20.2065,18.1797,,,,,,,960.0
47.7059,20.2135,7.1299,13.4774,,,,,,,960.0
12.2574,14.6821,,,65.4873,,,,,,800.0
9.6673,9.992,25.1728,,51.961,,,,,,928.0
8.0699,8.4995,27.7253,,51.0982,,,,,,928.0
13.7023,14.939,,,65.6431,,,,,,800.0
9.8946,10.3728,23.7588,,52.4454,,,,,,928.0
14.2661,14.3397,,,64.3758,,,,,,800.0
55.2435,27.7621,10.313,,,,,,,,896.0
41.7631,29.488,22.9496,,,,,,,,896.0
18.0626,8.0072,28.6014,33.5819,,,,,,,960.0
61.8904,24.5999,9.3866,,,,,,,,896.0
30.6258,19.2011,19.487,18.4048,,,,,,,960.0
48.6514,19.3289,7.257,13.6282,,,,,,,960.0
12.0887,14.7494,,,65.8518,,,,,,800.0
9.6527,10.005,25.6911,,51.837,,,,,,928.0
8.084,8.4374,27.7039,,51.9056,,,,,,928.0
13.6229,14.8763,,,65.9008,,,,,,800.0
9.8425,9.8823,24.8333,,51.9687,,,,,,928.0
14.1509,14.3201,,,64.1844,,,,,,800.0
53.5934,32.0239,,,,9.3142,,,,,784.0
43.6978,24.3462,,,,25.5063,,,,,784.0
18.6487,9.0151,,34.0577,,25.809,,,,,848.0
60.1291,27.9298,,,,7.5052,,,,,784.0
31.2532,13.0025,,18.2738,,25.4067,,,,,848.0
46.2001,22.5923,,13.556,,6.2124,,,,,848.0
11.9932,17.276,,,64.1193,,,,,,800.0
9.97,10.6507,,,51.7483,24.4235,,,,,816.0
8.8895,12.6361,,,53.062,20.8673,,,,,816.0
13.4799,17.3479,,,63.9934,,,,,,800.0
10.2667,12.4328,,,53.1344,20.5149,,,,,816.0
13.9593,16.611,,,62.8602,,,,,,800.0
52.9267,31.8263,,,,8.7132,,,,,784.0
41.716,16.2662,,,,36.0758,,,,,784.0
19.8149,8.4996,,33.0742,,26.9846,,,,,848.0
59.8501,28.2269,,,,7.6371,,,,,784.0
31.0382,11.5304,,18.2133,,27.4648,,,,,848.0
47.098,22.295,,13.4645,,5.8873,,,,,848.0
12.0499,17.0745,,,64.0041,,,,,,800.0
9.933,12.0491,,,51.8559,23.2019,,,,,816.0
8.5356,8.4973,,,51.8448,26.9125,,,,,816.0
13.382,17.1553,,,63.5797,,,,,,800.0
10.1466,10.4407,,,51.6159,24.2254,,,,,816.0
13.9094,16.8186,,,62.7808,,,,,,800.0
,,,,,,58.1602,24.2909,9.594,,14.0
,,,,,,67.745,13.8076,8.9842,,14.0
,,,34.2571,,,,,53.357,,66.0
,,,,,,57.3118,23.5355,9.4156,,14.0
,,,18.2304,,,47.1009,11.0766,8.3042,,78.0
,,,13.9128,,,44.2814,18.4162,7.3083,,78.0
,,,,,,58.1249,24.2313,9.7468,,14.0
,,,,,,69.3754,15.2677,8.9657,,14.0
,,,,,,,,95.4086,,2.0
,,,,,,58.1955,24.0381,9.5598,,14.0
,,,,,,67.563,14.1308,9.288,5.0911,15.0
,,,,,,57.3731,23.7019,9.4284,,14.0
,,,,,,57.4043,23.1781,10.7475,5.4563,15.0
,,,,,,67.2601,14.5756,9.7609,,14.0
,,,33.5671,,,,,54.7378,,66.0
,,,,,,56.3305,22.9559,10.3239,5.3011,15.0
,,,18.2125,,,46.9502,10.6888,9.2081,,78.0
,,,13.8937,,,43.7991,17.8481,8.1048,,78.0
,,,,,,57.5333,23.1346,10.6846,5.3428,15.0
,,,,,,68.6946,13.6568,10.3661,5.0121,15.0
,,,,,,,,95.9062,,2.0
,,,,,,57.1824,23.5198,10.6705,5.3894,15.0
,,,,,,66.8463,13.8966,10.3863,,14.0
,,,,,,56.6398,23.0541,10.3951,5.2204,15.0
