__pyx_f_7sklearn_4tree_9_splitter_12BestSplitter_node_split,__pyx_f_7sklearn_4tree_10_criterion_23ClassificationCriterion_update,aquicksort_float,_new_argsortlike,_unaligned_strided_byte_copy,_aligned_cast_long_to_int,__pyx_f_7sklearn_4tree_9_splitter_14RandomSplitter_node_split,__pyx_f_7sklearn_4tree_9_splitter_introsort,__pyx_f_7sklearn_4tree_10_criterion_4Gini_children_impurity,__ieee754_log_sse2,__pyx_f_7sklearn_4tree_10_criterion_7Entropy_children_impurity,__pyx_f_7sklearn_4tree_6_utils_log,signature
64.7273,12.2436,,,,,,,,,,,3072.0
90.4055,,,,,,,,,,,,2048.0
18.4727,28.8339,34.4543,,,,,,,,,,3584.0
77.7493,13.8849,,,,,,,,,,,3072.0
30.9879,25.0999,18.1358,6.1481,,,,,,,,,3840.0
24.7364,18.5503,13.5233,13.139,9.8063,9.1207,,,,,,,4032.0
,,5.8988,,,,13.1717,,,,,,544.0
,12.976,16.586,,,,42.0374,,,,,,1568.0
,9.1573,34.497,,,,39.5769,,,,,,1568.0
,8.3211,14.7211,,,,45.7454,,,,,,1568.0
,8.7777,18.1912,6.2354,,,49.8526,,,,,,1824.0
,7.4597,13.4506,,,,60.5997,,,,,,1568.0
5.6137,23.1534,,,,,,30.6676,5.2144,,,,3096.0
7.9207,34.194,,,,,,45.6687,6.2146,,,,3096.0
7.3063,38.8673,,,,,,44.7518,,,,,3088.0
9.5095,32.2919,,,,,,43.3288,6.9567,,,,3096.0
9.6072,32.2258,,,,,,47.7537,5.1103,,,,3096.0
11.77,28.5991,,,,,,47.4382,6.5417,,,,3096.0
,,,,,,13.9886,,,,,,32.0
,16.6939,,,,,55.3998,,,,,,1056.0
,20.9252,,,,,69.8523,,,,,,1056.0
,10.5971,,,,,58.263,,,,,,1056.0
,17.0871,,,,,74.1376,,,,,,1056.0
,10.2913,,,,,80.7723,,,,,,1056.0
38.8596,5.2811,,,,,,,,28.734,7.075,5.7557,3079.0
79.9481,,,,,,,,,8.2597,,,2052.0
,13.6748,33.0515,,,,,,,24.2084,6.1384,5.4047,1543.0
41.2768,5.9047,,,,,,,,31.8855,8.0991,6.4872,3079.0
5.5023,9.3343,18.0045,,,,,,,35.6914,9.6704,7.7291,3591.0
,7.7321,13.4674,,,,,,,39.2821,11.1368,9.437,1543.0
,,5.7459,,,,12.4012,,,,,,544.0
,12.0852,15.5872,,,,38.9817,,,5.0864,,,1572.0
,11.1221,32.984,,,,38.1065,,,,,,1568.0
,7.4288,13.6387,,,,41.9527,,,6.141,,,1572.0
,11.594,18.116,,,,49.8785,,,,,,1568.0
,7.2329,13.4503,,,,58.9776,,,,,,1568.0
,7.3498,,,,,,12.9431,,40.3824,10.1048,7.9175,1047.0
,10.125,,,,,,16.9835,,43.9609,11.4154,8.8514,1047.0
,18.5511,,,,,,23.101,,32.8187,8.3327,7.2367,1047.0
,8.2449,,,,,,14.7345,,46.5772,11.6923,9.3785,1047.0
,10.3063,,,,,,21.9392,,37.4071,11.4923,8.3937,1047.0
,7.2292,,,,,,19.4454,,41.6407,11.4983,9.513,1047.0
,,,,,,14.4736,,,,,,32.0
,15.3391,,,,,50.1424,,,6.5897,,,1060.0
,19.9284,,,,,64.812,,,,,,1056.0
,9.4552,,,,,51.5019,,,7.8932,,,1060.0
,15.7423,,,,,68.2949,,,6.1121,,,1060.0
,9.4114,,,,,74.2592,,,6.2368,,,1060.0
