__pyx_f_7sklearn_4tree_9_splitter_introsort,__pyx_f_7sklearn_4tree_10_criterion_23ClassificationCriterion_update,__pyx_f_7sklearn_4tree_9_splitter_12BestSplitter_node_split,__pyx_f_7sklearn_4tree_10_criterion_4Gini_children_impurity,__ieee754_log_sse2,__pyx_f_7sklearn_4tree_10_criterion_7Entropy_children_impurity,__pyx_f_7sklearn_4tree_6_utils_log,signature
37.6812,30.4858,8.6535,6.3804,,,,120.0
40.0908,36.8368,9.0279,5.886,,,,120.0
39.3291,37.014,8.7969,5.517,,,,120.0
40.5806,32.0352,10.9141,7.0106,,,,120.0
39.4925,36.9693,10.2354,5.7512,,,,120.0
40.9441,31.432,13.3934,6.6544,,,,120.0
38.0166,31.5907,8.5992,6.8628,,,,120.0
40.0137,37.0187,8.9555,5.896,,,,120.0
39.0491,38.0564,8.7492,,,,,112.0
41.3552,32.8754,11.0898,6.9739,,,,120.0
39.9166,36.4178,10.3036,5.757,,,,120.0
40.9191,31.6016,13.2463,6.6468,,,,120.0
13.5274,8.3224,,,45.3115,11.6802,8.5712,103.0
15.1137,12.0891,,,42.5668,10.7476,8.5328,103.0
16.4725,15.6239,,,37.7737,9.7773,7.7274,103.0
13.9819,8.3735,,,45.995,11.7793,9.1955,103.0
14.9313,11.7708,,,41.7621,11.2352,8.4715,103.0
14.0805,8.0543,5.408,,45.038,11.3613,8.972,119.0
13.6467,8.5264,,,45.517,11.7618,8.7294,103.0
15.0922,12.2313,,,42.5752,10.6391,8.5265,103.0
16.1112,15.2813,,,38.272,10.1407,7.6679,103.0
13.8909,7.9302,,,46.4325,11.8016,9.1961,103.0
15.0473,11.317,,,42.1713,10.946,8.5332,103.0
14.0417,8.1707,5.3926,,44.7577,11.4298,9.1343,119.0
41.2549,31.285,9.1853,7.1012,,,,120.0
43.5908,33.3468,9.2971,6.3829,,,,120.0
40.9834,36.6772,8.7135,,,,,112.0
43.0878,32.1521,11.2399,7.0005,,,,120.0
43.135,32.7032,10.7951,6.0356,,,,120.0
42.1476,30.3813,13.4468,6.6772,,,,120.0
14.4516,8.1875,,,46.3157,11.7307,8.9472,103.0
16.1023,10.3226,,,43.3901,10.7852,8.6587,103.0
18.0065,15.184,,,37.3324,8.9655,7.9644,103.0
14.3873,8.0533,,,46.2379,11.7594,9.0217,103.0
15.8914,9.9503,,,42.8818,10.7394,8.6065,103.0
14.3835,7.8879,5.0921,,45.05,11.7655,8.7712,119.0
